Workbook
Name ContractorOption: Workers!$B$2:INDEX(Workers!$B:$B,LOOKUP(2,1/(Workers!$B:$B<>""),ROW(Workers!$B:$B)))
Name JobTitleOptions: Workers!$C$2:INDEX(Workers!$C:$C,LOOKUP(2,1/(Workers!$C:$C<>""),ROW(Workers!$C:$C)))

Sheet Instructions
A1: Contractor Certifications Tracker
A3: How to use this workbook
A4: 1. Add new contractors on the Contractors tab.
A5: 2. Add workers on the Workers tab. Each worker belongs to one contractor (pick from dropdown).
A6: 3. Review required certifications on the Certifications tab. Add new ones if HSE adds them.
A7: 4. On the Tracker tab, enter the completion date for each worker / certification combo.
A8: 5. The Dashboard tab auto-updates: compliance %, missing certs, expiring soon.
A10: Color coding on the Tracker
A11: • Red cell = certification missing (empty)
A12: • Yellow cell = completed, expiring within 60 days
A13: • Orange cell = expired (past validity based on Certifications tab)
A14: • Green cell = current
... A22: • Dates must be entered as real dates (mm/dd/yyyy), not text.

Sheet Dashboard
A1: Contractor Certifications Dashboard
A3: Total Contractors | C3: Total Workers | E3: Active Workers | G3: Today
A4: =COUNTA(Contractors!A2:A50) -> 2 | C4: =COUNTA(Workers!A2:A200) -> 14 | E4: =COUNTIFS(Workers!A2:A200,"<>",Workers!D2:D200,"active") -> 14 | G4: =TEXT(TODAY(),"mm/dd/yyyy") -> 04/22/2026
A7: Compliance by Certification
A8: Certification | B8: Category | C8: Completed | D8: Missing | E8: % Complete | F8: Bar
A9: Protección Contra Caídas | B9: HSE Required | C9: =COUNTA(Tracker!C3:C200) -> 14 | D9: =COUNTA(Workers!A2:A200)-C9 -> 0 | E9: =IFERROR(C9/(C9+D9),0) -> 1 | F9: =REPT("■",ROUND(E9*20,0)) -> ■■■■■■■■■■■■■■■■■■■■
A10: Flama Expuesta | B10: HSE Required | C10: =COUNTA(Tracker!D3:D200) -> 0 | D10: =COUNTA(Workers!A2:A200)-C10 -> 14 | E10: =IFERROR(C10/(C10+D10),0) -> 0 | F10: =REPT("■",ROUND(E10*20,0))
A11: Espacios Confinados | B11: HSE Required | C11: =COUNTA(Tracker!E3:E200) -> 8 | D11: =COUNTA(Workers!A2:A200)-C11 -> 6 | E11: =IFERROR(C11/(C11+D11),0) -> 0.57142857 | F11: =REPT("■",ROUND(E11*20,0)) -> ■■■■■■■■■■■
A12: Manejo de Equipo Motorizado | B12: HSE Required | C12: =COUNTA(Tracker!F3:F200) -> 3 | D12: =COUNTA(Workers!A2:A200)-C12 -> 11 | E12: =IFERROR(C12/(C12+D12),0) -> 0.21428571 | F12: =REPT("■",ROUND(E12*20,0)) -> ■■■■
A13: Excavación o Zanja | B13: HSE Required | C13: =COUNTA(Tracker!G3:G200) -> 8 | D13: =COUNTA(Workers!A2:A200)-C13 -> 6 | E13: =IFERROR(C13/(C13+D13),0) -> 0.57142857 | F13: =REPT("■",ROUND(E13*20,0)) -> ■■■■■■■■■■■
A14: Manejo de Tijeras (Scissor Lift) | B14: HSE Required | C14: =COUNTA(Tracker!H3:H200) -> 8 | D14: =COUNTA(Workers!A2:A200)-C14 -> 6 | E14: =IFERROR(C14/(C14+D14),0) -> 0.57142857 | F14: =REPT("■",ROUND(E14*20,0)) -> ■■■■■■■■■■■
A15: Seguridad Eléctrica | B15: HSE Required | C15: =COUNTA(Tracker!I3:I200) -> 9 | D15: =COUNTA(Workers!A2:A200)-C15 -> 5 | E15: =IFERROR(C15/(C15+D15),0) -> 0.64285714 | F15: =REPT("■",ROUND(E15*20,0)) -> ■■■■■■■■■■■■■
A16: Lockout | B16: HSE Required | C16: =COUNTA(Tracker!J3:J200) -> 9 | D16: =COUNTA(Workers!A2:A200)-C16 -> 5 | E16: =IFERROR(C16/(C16+D16),0) -> 0.64285714 | F16: =REPT("■",ROUND(E16*20,0)) -> ■■■■■■■■■■■■■
A17: Manejo de Grúas | B17: HSE Required | C17: =COUNTA(Tracker!K3:K200) -> 3 | D17: =COUNTA(Workers!A2:A200)-C17 -> 11 | E17: =IFERROR(C17/(C17+D17),0) -> 0.21428571 | F17: =REPT("■",ROUND(E17*20,0)) -> ■■■■
A18: Escaleras | B18: HSE Required | C18: =COUNTA(Tracker!L3:L200) -> 8 | D18: =COUNTA(Workers!A2:A200)-C18 -> 6 | E18: =IFERROR(C18/(C18+D18),0) -> 0.57142857 | F18: =REPT("■",ROUND(E18*20,0)) -> ■■■■■■■■■■■
A19: Andamios | B19: HSE Required | C19: =COUNTA(Tracker!M3:M200) -> 3 | D19: =COUNTA(Workers!A2:A200)-C19 -> 11 | E19: =IFERROR(C19/(C19+D19),0) -> 0.21428571 | F19: =REPT("■",ROUND(E19*20,0)) -> ■■■■
A20: Trabajos con Plomo o Asbesto | B20: HSE Required | C20: =COUNTA(Tracker!N3:N200) -> 0 | D20: =COUNTA(Workers!A2:A200)-C20 -> 14 | E20: =IFERROR(C20/(C20+D20),0) -> 0 | F20: =REPT("■",ROUND(E20*20,0))
A21: Comunicación de Riesgos | B21: HSE Required | C21: =COUNTA(Tracker!O3:O200) -> 14 | D21: =COUNTA(Workers!A2:A200)-C21 -> 0 | E21: =IFERROR(C21/(C21+D21),0) -> 1 | F21: =REPT("■",ROUND(E21*20,0)) -> ■■■■■■■■■■■■■■■■■■■■
A22: Inducción Jacobs/Lilly | B22: Additional Training | C22: =COUNTA(Tracker!P3:P200) -> 5 | D22: =COUNTA(Workers!A2:A200)-C22 -> 9 | E22: =IFERROR(C22/(C22+D22),0) -> 0.35714286 | F22: =REPT("■",ROUND(E22*20,0)) -> ■■■■■■■
A23: OSHA 40Hr HAZWOPER | B23: Additional Training | C23: =COUNTA(Tracker!Q3:Q200) -> 6 | D23: =COUNTA(Workers!A2:A200)-C23 -> 8 | E23: =IFERROR(C23/(C23+D23),0) -> 0.42857143 | F23: =REPT("■",ROUND(E23*20,0)) -> ■■■■■■■■■
A24: OSHA 8Hr Refresher | B24: Additional Training | C24: =COUNTA(Tracker!R3:R200) -> 6 | D24: =COUNTA(Workers!A2:A200)-C24 -> 8 | E24: =IFERROR(C24/(C24+D24),0) -> 0.42857143 | F24: =REPT("■",ROUND(E24*20,0)) -> ■■■■■■■■■
A25: Drilling Safety | B25: Additional Training | C25: =COUNTA(Tracker!S3:S200) -> 6 | D25: =COUNTA(Workers!A2:A200)-C25 -> 8 | E25: =IFERROR(C25/(C25+D25),0) -> 0.42857143 | F25: =REPT("■",ROUND(E25*20,0)) -> ■■■■■■■■■
A26: Utility Locating | B26: Additional Training | C26: =COUNTA(Tracker!T3:T200) -> 2 | D26: =COUNTA(Workers!A2:A200)-C26 -> 12 | E26: =IFERROR(C26/(C26+D26),0) -> 0.14285714 | F26: =REPT("■",ROUND(E26*20,0)) -> ■■■

Sheet Certifications
A1: Certification | B1: Category | C1: Validity (years, 0=none) | D1: Notes
A2: Protección Contra Caídas | B2: HSE Required | C2: 1
A3: Flama Expuesta | B3: HSE Required | C3: 1
A4: Espacios Confinados | B4: HSE Required | C4: 1
A5: Manejo de Equipo Motorizado | B5: HSE Required | C5: 3
A6: Excavación o Zanja | B6: HSE Required | C6: 1
A7: Manejo de Tijeras (Scissor Lift) | B7: HSE Required | C7: 3
A8: Seguridad Eléctrica | B8: HSE Required | C8: 1
A9: Lockout | B9: HSE Required | C9: 1
A10: Manejo de Grúas | B10: HSE Required | C10: 3
A11: Escaleras | B11: HSE Required | C11: 3
A12: Andamios | B12: HSE Required | C12: 3
A13: Trabajos con Plomo o Asbesto | B13: HSE Required | C13: 1
... A25: Concrete & Masonry | B25: Additional Training | C25: 0

Sheet Contractors
A1: Contractor Name | B1: Primary Contact | C1: Specialty | D1: Workers (count) | E1: Notes
A2: GeoEnviroTech, Inc. | B2: Juan D. Negrón, PG | C2: Drilling / Geotechnical | D2: =IF(A2="","",COUNTIF(Workers!B:B,A2)) -> 6
A3: Cornerstone Industrial Group, Corp | B3: Felipe Lopez Dinardi | C3: Civil Construction | D3: =IF(A3="","",COUNTIF(Workers!B:B,A3)) -> 8
D4: =IF(A4="","",COUNTIF(Workers!B:B,A4))
D5: =IF(A5="","",COUNTIF(Workers!B:B,A5))
D6: =IF(A6="","",COUNTIF(Workers!B:B,A6))
D7: =IF(A7="","",COUNTIF(Workers!B:B,A7))
D8: =IF(A8="","",COUNTIF(Workers!B:B,A8))
D9: =IF(A9="","",COUNTIF(Workers!B:B,A9))
D10: =IF(A10="","",COUNTIF(Workers!B:B,A10))
D11: =IF(A11="","",COUNTIF(Workers!B:B,A11))
D12: =IF(A12="","",COUNTIF(Workers!B:B,A12))
D13: =IF(A13="","",COUNTIF(Workers!B:B,A13))
D14: =IF(A14="","",COUNTIF(Workers!B:B,A14))
D15: =IF(A15="","",COUNTIF(Workers!B:B,A15))
... D50: =IF(A50="","",COUNTIF(Workers!B:B,A50))

Sheet Workers
A1: Worker Name | B1: Contractor | C1: Job Title | D1: Status | E1: Employee Code | F1: Hire Date | G1: Email | H1: Phone | I1: Notes
A2: William Rodriguez Rivera | B2: GeoEnviroTech, Inc. | C2: Project Geologist | D2: active
A3: Hardy Rodríguez Vázquez | B3: GeoEnviroTech, Inc. | C3: Project Geologist | D3: active
A4: Juan D. Negrón Hernández | B4: GeoEnviroTech, Inc. | C4: Project Geologist | D4: active
A5: Rafael Díaz Colón | B5: GeoEnviroTech, Inc. | C5: Project Geologist | D5: active
A6: Luis A. Padilla Díaz | B6: GeoEnviroTech, Inc. | C6: Project Geologist | D6: active
A7: Jesús Quiñonez Ayala | B7: GeoEnviroTech, Inc. | C7: Project Geologist | D7: active
A8: Héctor M. Rodríguez Alicea | B8: Cornerstone Industrial Group, Corp | C8: Civil Constructor | D8: active
A9: Rene J. Torres Blasini | B9: Cornerstone Industrial Group, Corp | C9: Civil Constructor | D9: active
A10: Jorge L. Figueroa Torres | B10: Cornerstone Industrial Group, Corp | C10: Civil Constructor | D10: active
A11: Giovani Torres | B11: Cornerstone Industrial Group, Corp | C11: Civil Constructor | D11: active
A12: Santos Rivera Tirado | B12: Cornerstone Industrial Group, Corp | C12: Civil Constructor | D12: active
A13: José J. Rincon | B13: Cornerstone Industrial Group, Corp | C13: Civil Constructor | D13: active
... A15: Felipe Lopez Dinardi | B15: Cornerstone Industrial Group, Corp | C15: Civil Constructor | D15: active

Sheet Tracker
C1: HSE Required Certifications | P1: Additional Training
A2: Contractor | B2: Worker | C2: Protección Contra Caídas | D2: Flama Expuesta | E2: Espacios Confinados | F2: Manejo de Equipo Motorizado | G2: Excavación o Zanja | H2: Manejo de Tijeras (Scissor Lift) | I2: Seguridad Eléctrica | J2: Lockout | K2: Manejo de Grúas | L2: Escaleras | M2: Andamios | N2: Trabajos con Plomo o Asbesto | O2: Comunicación de Riesgos | P2: Inducción Jacobs/Lilly | Q2: OSHA 40Hr HAZWOPER | R2: OSHA 8Hr Refresher | S2: Drilling Safety | T2: Utility Locating | U2: OSHA 10 | V2: OSHA 30 | W2: Rebar Safety | X2: Formwork & Shoring | Y2: Silica Exposure | Z2: Concrete & Masonry
A3: GeoEnviroTech, Inc. | B3: William Rodriguez Rivera | C3: 45764 | I3: 45764 | J3: 45764 | O3: 45764 | Q3: 38534 | R3: 45764 | S3: 40333
A4: GeoEnviroTech, Inc. | B4: Hardy Rodríguez Vázquez | C4: 45764 | I4: 45764 | J4: 45764 | O4: 45764 | Q4: 39448 | R4: 45764 | S4: 40333 | T4: 45755
A5: GeoEnviroTech, Inc. | B5: Juan D. Negrón Hernández | C5: 45764 | I5: 45764 | J5: 45764 | O5: 45764 | Q5: 33909 | R5: 45764 | S5: 39668 | T5: 45755
A6: GeoEnviroTech, Inc. | B6: Rafael Díaz Colón | C6: 45764 | I6: 45764 | J6: 45764 | O6: 45764 | Q6: 39448 | R6: 45764 | S6: 40333
A7: GeoEnviroTech, Inc. | B7: Luis A. Padilla Díaz | C7: 45764 | I7: 45764 | J7: 45764 | O7: 45764 | Q7: 42917 | R7: 45764 | S7: 42745
A8: GeoEnviroTech, Inc. | B8: Jesús Quiñonez Ayala | C8: 45764 | I8: 45764 | J8: 45764 | O8: 45764 | Q8: 42917 | R8: 45764 | S8: 42745
A9: Cornerstone Industrial Group, Corp | B9: Héctor M. Rodríguez Alicea | C9: 46091 | E9: 46091 | G9: 46091 | H9: 46091 | L9: 46091 | O9: 46091 | P9: 46100 | U9: 46091
A10: Cornerstone Industrial Group, Corp | B10: Rene J. Torres Blasini | C10: 46091 | E10: 46091 | G10: 46091 | H10: 46091 | L10: 46091 | O10: 46091 | P10: 46100 | U10: 46091
A11: Cornerstone Industrial Group, Corp | B11: Jorge L. Figueroa Torres | C11: 46091 | E11: 46091 | G11: 46091 | H11: 46091 | L11: 46091 | O11: 46091 | P11: 46100 | U11: 46091
A12: Cornerstone Industrial Group, Corp | B12: Giovani Torres | C12: 46091 | E12: 46091 | G12: 46091 | H12: 46091 | L12: 46091 | O12: 46091 | P12: 46100 | U12: 46091
A13: Cornerstone Industrial Group, Corp | B13: Santos Rivera Tirado | C13: 46091 | E13: 46091 | G13: 46091 | H13: 46091 | L13: 46091 | O13: 46091 | P13: 46100 | U13: 46091
A14: Cornerstone Industrial Group, Corp | B14: José J. Rincon | C14: 46091 | E14: 46091 | F14: 44929 | G14: 46091 | H14: 45720 | I14: 45328 | J14: 45328 | K14: 45720 | L14: 46091 | M14: 44929 | O14: 46091 | V14: 39483 | W14: 45143 | X14: 45143 | Y14: 44972 | Z14: 44972
A15: Cornerstone Industrial Group, Corp | B15: Carlos O. Luhring | C15: 46091 | E15: 46091 | F15: 44929 | G15: 46091 | H15: 45720 | I15: 45328 | J15: 45328 | K15: 45720 | L15: 46091 | M15: 44929 | O15: 46091 | V15: 39483 | W15: 45143 | X15: 45143 | Y15: 44972 | Z15: 44972
A16: Cornerstone Industrial Group, Corp | B16: Felipe Lopez Dinardi | C16: 46091 | E16: 46091 | F16: 44929 | G16: 46091 | H16: 45720 | I16: 45328 | J16: 45328 | K16: 45720 | L16: 46091 | M16: 44929 | O16: 46091 | V16: 39483 | W16: 45143 | X16: 45143 | Y16: 44972 | Z16: 44972
