Workbook
Name ContractorOption: Workers!$B$2:INDEX(Workers!$B:$B,LOOKUP(2,1/(Workers!$B:$B<>""),ROW(Workers!$B:$B)))
Name JobTitleOptions: Workers!$C$2:INDEX(Workers!$C:$C,LOOKUP(2,1/(Workers!$C:$C<>""),ROW(Workers!$C:$C)))

Sheet Instructions
A1: Contractor Certifications Tracker
A3: How to use this workbook
A4: 1. Add new contractors on the Contractors tab.
A5: 2. Add workers on the Workers tab. Each worker belongs to one contractor (pick from dropdown).
A6: 3. Review required certifications on the Certifications tab. Add new ones if HSE adds them.
A7: 4. On the Tracker tab, enter the completion date for each worker / certification combo.
A8: 5. The Dashboard tab auto-updates: compliance %, missing certs, expiring soon.
A10: Color coding on the Tracker
A11: • Red cell = certification missing (empty)
A12: • Yellow cell = completed, expiring within 60 days
A13: • Orange cell = expired (past validity based on Certifications tab)
A14: • Green cell = current
... A22: • Dates must be entered as real dates (mm/dd/yyyy), not text.

Sheet Dashboard
A1: Contractor Certifications Dashboard
A3: Total Contractors | C3: Total Workers | E3: Active Workers | G3: Today
A4: =COUNTA(Contractors!A2:A50) -> 12 | C4: =COUNTA(Workers!A2:A200) -> 33 | E4: =COUNTIFS(Workers!A2:A200,"<>",Workers!D2:D200,"active") -> 27 | G4: =TEXT(TODAY(),"mm/dd/yyyy") -> 04/27/2026
A7: Compliance by Certification
A8: Certification | B8: Category | E8: % Complete | F8: Bar
A9: =Certifications!A2 -> Protección Contra Caídas | B9: =Certifications!B2 -> HSE Required | C9: =IFERROR(COUNTA(INDEX(Tracker!$C$3:$AZ$200,0,MATCH($A9,Tracker!$C$2:$AZ$2,0))),0) -> 24 | D9: =COUNTA(Workers!A$2:A$200)-C9 -> 9 | E9: =IFERROR(C9/(C9+D9),0) -> 0.72727273 | F9: =REPT("■",ROUND(E9*20,0)) -> ■■■■■■■■■■■■■■■
A10: =Certifications!A3 -> Flama Expuesta | B10: =Certifications!B3 -> HSE Required | C10: =IFERROR(COUNTA(INDEX(Tracker!$C$3:$AZ$200,0,MATCH($A10,Tracker!$C$2:$AZ$2,0))),0) -> 16 | D10: =COUNTA(Workers!A$2:A$200)-C10 -> 17 | E10: =IFERROR(C10/(C10+D10),0) -> 0.48484848 | F10: =REPT("■",ROUND(E10*20,0)) -> ■■■■■■■■■■
A11: =Certifications!A4 -> Espacios Confinados | B11: =Certifications!B4 -> HSE Required | C11: =IFERROR(COUNTA(INDEX(Tracker!$C$3:$AZ$200,0,MATCH($A11,Tracker!$C$2:$AZ$2,0))),0) -> 18 | D11: =COUNTA(Workers!A$2:A$200)-C11 -> 15 | E11: =IFERROR(C11/(C11+D11),0) -> 0.54545455 | F11: =REPT("■",ROUND(E11*20,0)) -> ■■■■■■■■■■■
A12: =Certifications!A5 -> Manejo de Equipo Motorizado | B12: =Certifications!B5 -> HSE Required | C12: =IFERROR(COUNTA(INDEX(Tracker!$C$3:$AZ$200,0,MATCH($A12,Tracker!$C$2:$AZ$2,0))),0) -> 16 | D12: =COUNTA(Workers!A$2:A$200)-C12 -> 17 | E12: =IFERROR(C12/(C12+D12),0) -> 0.48484848 | F12: =REPT("■",ROUND(E12*20,0)) -> ■■■■■■■■■■
A13: =Certifications!A6 -> Excavación o Zanja | B13: =Certifications!B6 -> HSE Required | C13: =IFERROR(COUNTA(INDEX(Tracker!$C$3:$AZ$200,0,MATCH($A13,Tracker!$C$2:$AZ$2,0))),0) -> 14 | D13: =COUNTA(Workers!A$2:A$200)-C13 -> 19 | E13: =IFERROR(C13/(C13+D13),0) -> 0.42424242 | F13: =REPT("■",ROUND(E13*20,0)) -> ■■■■■■■■
A14: =Certifications!A7 -> Manejo de Tijeras (Scissor Lift) | B14: =Certifications!B7 -> HSE Required | C14: =IFERROR(COUNTA(INDEX(Tracker!$C$3:$AZ$200,0,MATCH($A14,Tracker!$C$2:$AZ$2,0))),0) -> 19 | D14: =COUNTA(Workers!A$2:A$200)-C14 -> 14 | E14: =IFERROR(C14/(C14+D14),0) -> 0.57575758 | F14: =REPT("■",ROUND(E14*20,0)) -> ■■■■■■■■■■■■
A15: =Certifications!A8 -> Seguridad Eléctrica | B15: =Certifications!B8 -> HSE Required | C15: =IFERROR(COUNTA(INDEX(Tracker!$C$3:$AZ$200,0,MATCH($A15,Tracker!$C$2:$AZ$2,0))),0) -> 22 | D15: =COUNTA(Workers!A$2:A$200)-C15 -> 11 | E15: =IFERROR(C15/(C15+D15),0) -> 0.66666667 | F15: =REPT("■",ROUND(E15*20,0)) -> ■■■■■■■■■■■■■
A16: =Certifications!A9 -> Lockout | B16: =Certifications!B9 -> HSE Required | C16: =IFERROR(COUNTA(INDEX(Tracker!$C$3:$AZ$200,0,MATCH($A16,Tracker!$C$2:$AZ$2,0))),0) -> 19 | D16: =COUNTA(Workers!A$2:A$200)-C16 -> 14 | E16: =IFERROR(C16/(C16+D16),0) -> 0.57575758 | F16: =REPT("■",ROUND(E16*20,0)) -> ■■■■■■■■■■■■
A17: =Certifications!A10 -> Manejo de Grúas | B17: =Certifications!B10 -> HSE Required | C17: =IFERROR(COUNTA(INDEX(Tracker!$C$3:$AZ$200,0,MATCH($A17,Tracker!$C$2:$AZ$2,0))),0) -> 12 | D17: =COUNTA(Workers!A$2:A$200)-C17 -> 21 | E17: =IFERROR(C17/(C17+D17),0) -> 0.36363636 | F17: =REPT("■",ROUND(E17*20,0)) -> ■■■■■■■
A18: =Certifications!A11 -> Escaleras | B18: =Certifications!B11 -> HSE Required | C18: =IFERROR(COUNTA(INDEX(Tracker!$C$3:$AZ$200,0,MATCH($A18,Tracker!$C$2:$AZ$2,0))),0) -> 15 | D18: =COUNTA(Workers!A$2:A$200)-C18 -> 18 | E18: =IFERROR(C18/(C18+D18),0) -> 0.45454545 | F18: =REPT("■",ROUND(E18*20,0)) -> ■■■■■■■■■
A19: =Certifications!A12 -> Andamios | B19: =Certifications!B12 -> HSE Required | C19: =IFERROR(COUNTA(INDEX(Tracker!$C$3:$AZ$200,0,MATCH($A19,Tracker!$C$2:$AZ$2,0))),0) -> 12 | D19: =COUNTA(Workers!A$2:A$200)-C19 -> 21 | E19: =IFERROR(C19/(C19+D19),0) -> 0.36363636 | F19: =REPT("■",ROUND(E19*20,0)) -> ■■■■■■■
A20: =Certifications!A13 -> Trabajos con Plomo o Asbesto | B20: =Certifications!B13 -> HSE Required | C20: =IFERROR(COUNTA(INDEX(Tracker!$C$3:$AZ$200,0,MATCH($A20,Tracker!$C$2:$AZ$2,0))),0) -> 14 | D20: =COUNTA(Workers!A$2:A$200)-C20 -> 19 | E20: =IFERROR(C20/(C20+D20),0) -> 0.42424242 | F20: =REPT("■",ROUND(E20*20,0)) -> ■■■■■■■■
... A32: =Certifications!A25 -> Concrete & Masonry | B32: =Certifications!B25 -> Additional Training | C32: =IFERROR(COUNTA(INDEX(Tracker!$C$3:$AZ$200,0,MATCH($A32,Tracker!$C$2:$AZ$2,0))),0) -> 11 | D32: =COUNTA(Workers!A$2:A$200)-C32 -> 22 | E32: =IFERROR(C32/(C32+D32),0) -> 0.33333333 | F32: =REPT("■",ROUND(E32*20,0)) -> ■■■■■■■

Sheet Certifications
A1: Certification | B1: Category | C1: Validity (years, 0=none) | D1: Notes
A2: Protección Contra Caídas | B2: HSE Required | C2: 1
A3: Flama Expuesta | B3: HSE Required | C3: 1
A4: Espacios Confinados | B4: HSE Required | C4: 1
A5: Manejo de Equipo Motorizado | B5: HSE Required | C5: 3
A6: Excavación o Zanja | B6: HSE Required | C6: 1
A7: Manejo de Tijeras (Scissor Lift) | B7: HSE Required | C7: 3
A8: Seguridad Eléctrica | B8: HSE Required | C8: 1
A9: Lockout | B9: HSE Required | C9: 1
A10: Manejo de Grúas | B10: HSE Required | C10: 3
A11: Escaleras | B11: HSE Required | C11: 3
A12: Andamios | B12: HSE Required | C12: 3
A13: Trabajos con Plomo o Asbesto | B13: HSE Required | C13: 1
... A25: Concrete & Masonry | B25: Additional Training | C25: 0

Sheet Contractors
A1: Contractor Name | B1: Primary Contact | C1: Specialty | D1: Workers (count) | E1: Notes
A2: Stonewall Drilling Services, LLC | B2: Juan Pérez Vázquez | C2: Drilling / Geotechnical | D2: =IF(A2="","",COUNTIF(Workers!B:B,A2)) -> 4
A3: Atlas Concrete Works, Inc. | B3: Carla M. Santos Vega | C3: Concrete & Foundation | D3: =IF(A3="","",COUNTIF(Workers!B:B,A3)) -> 3
A4: PowerLine Electric Corp. | B4: Miguel Torres Ramos | C4: Electrical & Instrumentation | D4: =IF(A4="","",COUNTIF(Workers!B:B,A4)) -> 3
A5: SafePath Excavation, Co. | B5: Ana L. Reyes Díaz | C5: Excavation & Earthworks | D5: =IF(A5="","",COUNTIF(Workers!B:B,A5)) -> 3
A6: SkyHigh Scaffolding Solutions | B6: Roberto Díaz Cruz | C6: Scaffolding / Access Systems | D6: =IF(A6="","",COUNTIF(Workers!B:B,A6)) -> 3
A7: Atlantic Safety Builders, LLC | B7: Maria Santos | C7: General Construction | D7: =IF(A7="","",COUNTIF(Workers!B:B,A7)) -> 3 | E7: Demo contractor
A8: North Shore Mechanical, Inc. | B8: Carlos Rivera | C8: Mechanical / Utilities | D8: =IF(A8="","",COUNTIF(Workers!B:B,A8)) -> 3 | E8: Demo contractor
A9: Caribbean Concrete Works | B9: Andrea Cruz | C9: Concrete and Masonry | D9: =IF(A9="","",COUNTIF(Workers!B:B,A9)) -> 3 | E9: Demo contractor
A10: IronCore Contractors | B10: Daniel Perez | C10: Structural Steel | D10: =IF(A10="","",COUNTIF(Workers!B:B,A10)) -> 2 | E10: Demo contractor
A11: Coastal Infrastructure LLC | B11: Miguel Lopez | C11: Civil / Infrastructure | D11: =IF(A11="","",COUNTIF(Workers!B:B,A11)) -> 2 | E11: Demo contractor
A12: Pioneer Site Solutions | B12: Anthony Ramos | C12: Site Development | D12: =IF(A12="","",COUNTIF(Workers!B:B,A12)) -> 2 | E12: Demo contractor
A13: Cornerstone Industrial Group, Corp | D13: =IF(A13="","",COUNTIF(Workers!B:B,A13)) -> 2
D14: =IF(A14="","",COUNTIF(Workers!B:B,A14))
D15: =IF(A15="","",COUNTIF(Workers!B:B,A15))
D16: =IF(A16="","",COUNTIF(Workers!B:B,A16))
D17: =IF(A17="","",COUNTIF(Workers!B:B,A17))
D18: =IF(A18="","",COUNTIF(Workers!B:B,A18))
D19: =IF(A19="","",COUNTIF(Workers!B:B,A19))
D20: =IF(A20="","",COUNTIF(Workers!B:B,A20))
D21: =IF(A21="","",COUNTIF(Workers!B:B,A21))
D22: =IF(A22="","",COUNTIF(Workers!B:B,A22))
D23: =IF(A23="","",COUNTIF(Workers!B:B,A23))
D24: =IF(A24="","",COUNTIF(Workers!B:B,A24))
D25: =IF(A25="","",COUNTIF(Workers!B:B,A25))
... D50: =IF(A50="","",COUNTIF(Workers!B:B,A50))

Sheet Workers
A1: Worker Name | B1: Contractor | C1: Job Title | D1: Status | E1: Employee Code | F1: Hire Date | G1: Email | H1: Phone | I1: Notes
A2: Pedro A. Maldonado | B2: Stonewall Drilling Services, LLC | C2: Lead Driller | D2: active | F2: 44270
A3: Samuel Ortiz Burgos | B3: Stonewall Drilling Services, LLC | C3: Driller Helper | D3: active | F3: 45117
A4: Luis R. Negrón Ruiz | B4: Stonewall Drilling Services, LLC | C4: Driller | D4: active | F4: 44586
A5: Marta I. Colón | B5: Stonewall Drilling Services, LLC | C5: Apprentice | D5: onboarding | F5: 46054
A6: Raúl García Molina | B6: Atlas Concrete Works, Inc. | C6: Foreman | D6: active | F6: 43605
A7: Ismael Villa | B7: Atlas Concrete Works, Inc. | C7: Concrete Finisher | D7: active | F7: 44058
A8: Diego Acosta | B8: Atlas Concrete Works, Inc. | C8: Laborer | D8: active | F8: 45597
A9: Javier Méndez Torres | B9: PowerLine Electric Corp. | C9: Master Electrician | D9: active | F9: 42098
A10: Óscar R. Figueroa | B10: PowerLine Electric Corp. | C10: Electrician | D10: active | F10: 44447
A11: Edwin Ruiz Pagán | B11: PowerLine Electric Corp. | C11: Apprentice Electrician | D11: onboarding | F11: 45940
A12: Antonio Benítez | B12: SafePath Excavation, Co. | C12: Equipment Operator | D12: active | F12: 43271
A13: Fernando Soto | B13: SafePath Excavation, Co. | C13: Operator | D13: active | F13: 44666
... A17: Leonardo Benítez | B17: SkyHigh Scaffolding Solutions | C17: Apprentice | D17: onboarding | F17: 46086
A18: John Martinez | B18: Atlantic Safety Builders, LLC | C18: Foreman | D18: active | E18: ASB-001 | F18: 44635 | G18: john.martinez@asb.com | H18: 787-555-0101
A19: Luis Gonzalez | B19: Atlantic Safety Builders, LLC | C19: Laborer | D19: active | E19: ASB-002 | F19: 45129 | G19: luis.gonzalez@asb.com | H19: 787-555-0102
A20: Maria Torres | B20: Atlantic Safety Builders, LLC | C20: Safety Officer | D20: inactive | E20: ASB-003 | F20: 44505 | G20: maria.torres@asb.com | H20: 787-555-0103
A21: Carlos Rivera | B21: North Shore Mechanical, Inc. | C21: Supervisor | D21: active | E21: NSM-001 | F21: 43992 | G21: carlos.rivera@nsm.com | H21: 787-555-0201
A22: Javier Morales | B22: North Shore Mechanical, Inc. | C22: Technician | D22: active | E22: NSM-002 | F22: 44822 | G22: javier.morales@nsm.com | H22: 787-555-0202
A23: Elena Ruiz | B23: North Shore Mechanical, Inc. | C23: Engineer | D23: active | E23: NSM-003 | F23: 45303 | G23: elena.ruiz@nsm.com | H23: 787-555-0203
A24: Andrea Cruz | B24: Caribbean Concrete Works | C24: Project Manager | D24: active | E24: CCW-001 | F24: 44311 | G24: andrea.cruz@ccw.com | H24: 787-555-0301
A25: Pedro Santiago | B25: Caribbean Concrete Works | C25: Mason | D25: active | E25: CCW-002 | F25: 44971 | G25: pedro.santiago@ccw.com | H25: 787-555-0302
A26: Ricardo Vega | B26: Caribbean Concrete Works | C26: Laborer | D26: inactive | E26: CCW-003 | F26: 44073 | G26: ricardo.vega@ccw.com | H26: 787-555-0303
A27: Daniel Perez | B27: IronCore Contractors | C27: Welder | D27: active | E27: ICC-001 | F27: 44700 | G27: daniel.perez@ironcore.com | H27: 787-555-0401
A28: Sofia Martinez | B28: IronCore Contractors | C28: Inspector | D28: active | E28: ICC-002 | F28: 45202 | G28: sofia.martinez@ironcore.com | H28: 787-555-0402
A29: Miguel Lopez | B29: Coastal Infrastructure LLC | C29: Civil Engineer | D29: active | E29: CIL-001 | F29: 44207 | G29: miguel.lopez@coastal.com | H29: 787-555-0501
... A32: Camila Reyes | B32: Pioneer Site Solutions | C32: Coordinator | D32: inactive | E32: PSS-002 | F32: 44374 | G32: camila.reyes@pss.com | H32: 787-555-0602
A33: Francisco González Carmona | B33: Cornerstone Industrial Group, Corp | D33: active
A34: Steven Cruz Martínez | B34: Cornerstone Industrial Group, Corp | D34: active

Sheet Tracker
C1: HSE Required Certifications | P1: Additional Training
A2: Contractor | B2: Worker | C2: =Certifications!A2 -> Protección Contra Caídas | D2: =Certifications!A3 -> Flama Expuesta | E2: =Certifications!A4 -> Espacios Confinados | F2: =Certifications!A5 -> Manejo de Equipo Motorizado | G2: =Certifications!A6 -> Excavación o Zanja | H2: =Certifications!A7 -> Manejo de Tijeras (Scissor Lift) | I2: =Certifications!A8 -> Seguridad Eléctrica | J2: =Certifications!A9 -> Lockout | K2: =Certifications!A10 -> Manejo de Grúas | L2: =Certifications!A11 -> Escaleras | M2: =Certifications!A12 -> Andamios | N2: =Certifications!A13 -> Trabajos con Plomo o Asbesto | O2: =Certifications!A14 -> Comunicación de Riesgos | P2: =Certifications!A15 -> Inducción Jacobs/Lilly | Q2: =Certifications!A16 -> OSHA 40Hr HAZWOPER | R2: =Certifications!A17 -> OSHA 8Hr Refresher | S2: =Certifications!A18 -> Drilling Safety | T2: =Certifications!A19 -> Utility Locating | U2: =Certifications!A20 -> OSHA 10 | V2: =Certifications!A21 -> OSHA 30 | W2: =Certifications!A22 -> Rebar Safety | X2: =Certifications!A23 -> Formwork & Shoring | Y2: =Certifications!A24 -> Silica Exposure | Z2: =Certifications!A25 -> Concrete & Masonry
A3: Stonewall Drilling Services, LLC | B3: Pedro A. Maldonado | C3: 45976 | D3: 45976 | E3: 45976 | F3: 45514 | G3: 45976 | H3: 45514 | I3: 45976 | J3: 45976 | K3: 45514 | L3: 45514 | M3: 45514 | N3: 45976 | O3: 45976 | P3: 45976 | Q3: 42156 | R3: 45976 | S3: 45514 | T3: 45976
A4: Stonewall Drilling Services, LLC | B4: Samuel Ortiz Burgos | C4: 45797 | D4: 45797 | E4: 45797 | F4: 45066 | G4: 45797 | H4: 45066 | I4: 45797 | J4: 45797 | L4: 45066 | M4: 45066 | N4: 45797 | O4: 45797 | P4: 45797 | Q4: 43931 | R4: 45797 | S4: 45066 | T4: 45797
A5: Stonewall Drilling Services, LLC | B5: Luis R. Negrón Ruiz | C5: 45976 | D5: 45976 | E5: 45976 | F5: 45514 | G5: 45976 | I5: 45976 | J5: 45976 | K5: 45514 | M5: 45514 | O5: 45976 | P5: 45976 | Q5: 43344 | R5: 45458 | S5: 45514
A6: Stonewall Drilling Services, LLC | B6: Marta I. Colón | C6: 45976 | O6: 45976 | P6: 45976 | U6: 45931
A7: Atlas Concrete Works, Inc. | B7: Raúl García Molina | C7: 45976 | D7: 45976 | E7: 45976 | F7: 45514 | G7: 45976 | H7: 45514 | I7: 45976 | J7: 45976 | K7: 45514 | L7: 45514 | M7: 45514 | N7: 45976 | O7: 45976 | P7: 45976 | V7: 43668 | W7: 44634 | X7: 45179 | Y7: 45327 | Z7: 45248
A8: Atlas Concrete Works, Inc. | B8: Ismael Villa | C8: 45976 | D8: 45458 | E8: 45976 | F8: 45514 | H8: 44875 | I8: 45976 | J8: 45976 | L8: 45514 | M8: 45514 | N8: 45976 | O8: 45976 | P8: 45976 | U8: 44581 | W8: 44418 | Y8: 45386 | Z8: 45455
A9: Atlas Concrete Works, Inc. | B9: Diego Acosta | C9: 45976 | O9: 45976 | P9: 45797 | U9: 45601
A10: PowerLine Electric Corp. | B10: Javier Méndez Torres | C10: 45976 | D10: 45976 | E10: 45976 | F10: 45066 | H10: 45514 | I10: 45976 | J10: 45976 | L10: 45514 | O10: 45976 | P10: 45976 | R10: 45976 | V10: 42816
A11: PowerLine Electric Corp. | B11: Óscar R. Figueroa | C11: 45458 | D11: 45976 | E11: 45976 | I11: 45976 | J11: 45458 | L11: 45514 | O11: 45976 | P11: 45976 | R11: 45797 | U11: 43952
A12: PowerLine Electric Corp. | B12: Edwin Ruiz Pagán | C12: 45976 | I12: 45797 | O12: 45976 | P12: 45976 | U12: 45991
A13: SafePath Excavation, Co. | B13: Antonio Benítez | C13: 45976 | D13: 45976 | E13: 45976 | F13: 45514 | G13: 45976 | H13: 45514 | I13: 45976 | J13: 45976 | K13: 45514 | L13: 45514 | N13: 45976 | O13: 45976 | P13: 45976 | T13: 45976 | V13: 43143
A14: SafePath Excavation, Co. | B14: Fernando Soto | C14: 45797 | D14: 45797 | E14: 45797 | F14: 45066 | G14: 45797 | H14: 45066 | I14: 45797 | J14: 45797 | K14: 45066 | O14: 45797 | P14: 45797 | T14: 45797 | V14: 44440
A15: SafePath Excavation, Co. | B15: Rafael Martínez | C15: 45458 | D15: 45976 | E15: 45976 | G15: 45458 | I15: 45976 | O15: 45976 | P15: 45976 | U15: 45091
A16: SkyHigh Scaffolding Solutions | B16: Gabriel Estévez | C16: 45976 | D16: 45976 | E16: 45976 | F16: 45514 | H16: 45514 | I16: 45976 | J16: 45976 | L16: 45514 | M16: 45514 | O16: 45976 | P16: 45976 | V16: 43780
A17: SkyHigh Scaffolding Solutions | B17: Mateo Villanueva | C17: 45797 | D17: 45976 | E17: 45976 | H17: 45514 | I17: 45976 | J17: 45976 | L17: 45514 | M17: 45514 | O17: 45976 | P17: 45797 | U17: 45371
A18: SkyHigh Scaffolding Solutions | B18: Leonardo Benítez | C18: 45976 | O18: 45976 | P18: 45976
A19: Atlantic Safety Builders, LLC | B19: John Martinez | C19: 45708 | E19: 45976 | F19: 45514 | I19: 45976 | J19: 45976 | M19: 45514 | O19: 45797 | P19: 45976 | R19: 45976 | S19: 44875 | T19: 45458 | U19: 45672 | V19: 44179 | X19: 43449 | Y19: 44960 | Z19: 44885
A20: Atlantic Safety Builders, LLC | B20: Luis Gonzalez | C20: 45976 | F20: 45514 | G20: 45976 | H20: 45514 | M20: 45066 | N20: 45976 | Q20: 44511 | R20: 45976 | S20: 45514 | T20: 45458 | V20: 45726
A21: Atlantic Safety Builders, LLC | B21: Maria Torres | C21: 45976 | D21: 45976 | H21: 45066 | J21: 45976 | P21: 45458 | T21: 45797
A22: North Shore Mechanical, Inc. | B22: Carlos Rivera | D22: 45976 | E22: 45797 | H22: 45514 | I22: 45976 | J22: 45976 | N22: 45976 | O22: 45458 | P22: 45976 | Q22: 45054 | R22: 45976 | U22: 43384 | V22: 45669 | W22: 43912
A23: North Shore Mechanical, Inc. | B23: Javier Morales | E23: 45706 | H23: 45514 | I23: 45976 | L23: 45514 | N23: 45976 | V23: 44434 | W23: 45457 | X23: 44184 | Y23: 44338
A24: North Shore Mechanical, Inc. | B24: Elena Ruiz | C24: 45976 | E24: 45458 | G24: 45458 | H24: 45514 | J24: 45738 | K24: 45066 | L24: 45066 | N24: 45797 | O24: 45976 | R24: 45976 | S24: 44875 | T24: 45458 | U24: 44323 | W24: 45438 | Y24: 44928 | Z24: 43172
A25: Caribbean Concrete Works | B25: Andrea Cruz | C25: 45976 | F25: 45514 | G25: 45976 | I25: 45976 | J25: 45458 | K25: 45514 | M25: 45514 | N25: 45458 | P25: 45976 | Q25: 44156 | R25: 45976 | T25: 45976 | W25: 44448 | Z25: 45687
A26: Caribbean Concrete Works | B26: Pedro Santiago | I26: 45976 | K26: 45514 | M26: 45514 | O26: 45976 | P26: 45976 | R26: 45797 | U26: 45702 | V26: 45923 | X26: 44562 | Z26: 43152
A27: Caribbean Concrete Works | B27: Ricardo Vega | I27: 45458 | J27: 45976 | K27: 44875 | S27: 45514 | Y27: 45627
A28: IronCore Contractors | B28: Daniel Perez | C28: 45976 | I28: 45797 | L28: 45514 | N28: 45976 | P28: 45976 | Q28: 45127 | R28: 45976 | S28: 44875 | U28: 45623 | W28: 44318 | Y28: 44361 | Z28: 44639
A29: IronCore Contractors | B29: Sofia Martinez | C29: 45976 | D29: 45976 | G29: 45976 | H29: 45514 | I29: 45976 | J29: 45976 | K29: 45514 | N29: 45458 | O29: 45458 | Q29: 44138 | R29: 45976 | T29: 45797 | U29: 45721 | V29: 43691 | X29: 44455 | Y29: 44984
A30: Coastal Infrastructure LLC | B30: Miguel Lopez | D30: 45458 | E30: 45458 | F30: 45514 | G30: 45696 | H30: 45514 | K30: 45514 | L30: 44875 | M30: 44875 | N30: 45797 | Q30: 44331 | R30: 45976 | S30: 45514 | W30: 45550 | X30: 44172 | Y30: 44509 | Z30: 44660
A31: Coastal Infrastructure LLC | B31: Valeria Ortiz | C31: 45458 | E31: 45976 | H31: 45066 | J31: 45976 | L31: 45514 | N31: 45797 | R31: 45797 | S31: 45514 | U31: 45718 | X31: 45465 | Y31: 45116 | Z31: 45632
A32: Pioneer Site Solutions | B32: Anthony Ramos | F32: 44875 | G32: 45458 | H32: 45066 | I32: 45976 | L32: 44875 | O32: 45458 | Q32: 44250 | V32: 45675 | W32: 44246 | X32: 43745 | Y32: 44718 | Z32: 43239
A33: Pioneer Site Solutions | B33: Camila Reyes | F33: 45514 | G33: 45458 | Q33: 45883 | W33: 45043
A34: Cornerstone Industrial Group, Corp | B34: Francisco González Carmona | P34: 46136
A35: Cornerstone Industrial Group, Corp | B35: Steven Cruz Martínez | F35: 46059 | H35: 46059 | K35: 46059 | P35: 46136 | U35: 46341 | Z35: 46059
